time_sec,frame,speed_mps,obstacle_ratio,override,brake,collision
0.000,-1,0.000,0.00000,0,0.000,0
0.061,-1,0.000,0.00000,0,0.000,0
0.124,-1,0.000,0.00000,0,0.000,0
0.185,8131,0.001,0.00000,0,0.000,0
0.248,8132,0.001,0.00000,0,0.000,0
0.310,8133,0.001,0.00000,0,0.000,0
0.373,8133,0.000,0.00000,0,0.000,0
0.435,8134,0.000,0.00000,0,0.000,0
0.497,8135,0.000,0.00000,0,0.000,0
0.560,8135,0.000,0.00000,0,0.000,0
0.624,8135,1.715,0.00000,0,0.000,0
0.687,8137,2.561,0.00000,0,0.000,0
0.751,8138,3.172,0.00000,0,0.000,0
0.814,8138,3.172,0.00000,0,0.000,0
0.877,8139,3.713,0.00000,0,0.000,0
0.941,8140,3.713,0.00000,0,0.000,0
1.003,8141,3.713,0.00000,0,0.000,0
1.067,8141,3.713,0.00000,0,0.000,0
1.130,8141,4.813,0.00000,0,0.000,0
1.192,8143,5.290,0.00000,0,0.000,0
1.255,8143,5.290,0.00000,0,0.000,0
1.319,8144,5.439,0.00000,0,0.000,0
1.381,8145,5.680,0.00000,0,0.000,0
1.444,8146,5.680,0.00000,0,0.000,0
1.507,8146,5.680,0.00000,0,0.000,0
1.571,8147,5.680,0.00000,0,0.000,0
1.635,8147,6.606,0.00000,0,0.000,0
1.699,8147,6.606,0.00000,0,0.000,0
1.762,8149,7.142,0.00000,0,0.000,0
1.825,8150,7.591,0.00000,0,0.000,0
1.887,8151,8.105,0.00000,0,0.000,0
1.951,8151,8.105,0.00000,0,0.000,0
2.015,8152,8.105,0.00000,0,0.000,0
2.078,8153,8.105,0.00000,0,0.000,0
2.140,8153,9.071,0.00000,0,0.000,0
2.203,8153,9.157,0.00000,0,0.000,0
2.265,8155,9.732,0.00000,0,0.000,0
2.328,8156,9.732,0.00000,0,0.000,0
2.391,8156,10.244,0.00000,0,0.000,0
2.455,8157,10.535,0.00000,0,0.000,0
2.517,8158,10.535,0.00000,0,0.000,0
2.580,8159,10.535,0.00000,0,0.000,0
2.643,8159,10.535,0.00000,0,0.000,0
2.707,8159,9.870,0.00000,0,0.000,0
2.770,8161,9.396,0.00000,0,0.000,0
2.833,8161,9.396,0.00000,0,0.000,0
2.895,8162,8.915,0.00000,0,0.000,0
2.958,8163,8.470,0.00000,0,0.000,0
3.021,8164,8.470,0.00000,0,0.000,0
3.089,8164,8.470,0.00000,0,0.000,0
3.144,8165,8.470,0.00000,0,0.000,0
3.207,8165,7.374,0.00000,0,0.000,0
3.270,8165,7.374,0.00000,0,0.000,0
3.333,8167,6.919,0.00000,0,0.000,0
3.397,8168,6.479,0.00000,0,0.000,0
3.460,8168,6.479,0.00000,0,0.000,0
3.523,8169,6.129,0.00000,0,0.000,0
3.585,8170,6.129,0.00000,0,0.000,0
3.649,8171,6.129,0.00000,0,0.000,0
3.712,8171,6.129,0.00000,0,0.000,0
3.774,8171,6.194,0.00000,0,0.000,0
3.838,8173,6.550,0.00000,0,0.000,0
3.901,8173,6.550,0.00000,0,0.000,0
3.964,8174,6.925,0.00000,0,0.000,0
4.027,8175,7.424,0.00000,0,0.000,0
4.091,8176,7.424,0.00000,0,0.000,0
4.154,8176,7.424,0.00000,0,0.000,0
4.217,8177,7.424,0.00000,0,0.000,0
4.281,8177,8.489,0.00000,0,0.000,0
4.344,8177,8.489,0.00000,0,0.000,0
4.407,8179,9.087,0.00000,0,0.000,0
4.470,8180,9.593,0.00000,0,0.000,0
4.533,8181,9.918,0.00000,0,0.000,0
4.596,8181,9.918,0.00000,0,0.000,0
4.659,8182,9.918,0.00000,0,0.000,0
4.721,8183,9.918,0.00000,0,0.000,0
4.784,8183,9.599,0.00000,0,0.000,0
4.846,8183,9.549,0.00000,0,0.000,0
4.909,8185,9.138,0.00000,0,0.000,0
4.972,8186,8.700,0.00000,0,0.000,0
5.034,8186,8.700,0.00000,0,0.000,0
5.097,8187,8.219,0.00000,0,0.000,0
5.160,8188,8.219,0.00000,0,0.000,0
5.223,8189,8.219,0.00000,0,0.000,0
5.286,8189,8.219,0.00000,0,0.000,0
5.349,8189,7.198,0.00000,0,0.000,0
5.411,8191,6.760,0.00000,0,0.000,0
5.473,8192,6.760,0.00000,0,0.000,0
5.536,8192,6.377,0.00000,0,0.000,0
5.598,8193,6.032,0.00000,0,0.000,0
5.660,8194,6.032,0.00000,0,0.000,0
5.723,8194,6.032,0.00000,0,0.000,0
5.785,8195,6.032,0.00000,0,0.000,0
5.848,8195,6.108,0.00000,0,0.000,0
5.910,8197,6.108,0.00000,0,0.000,0
5.974,8197,6.524,0.00000,0,0.000,0
6.037,8198,6.864,0.00000,0,0.000,0
6.100,8199,7.238,0.00000,0,0.000,0
6.162,8200,7.238,0.00000,0,0.000,0
6.224,8200,7.238,0.00000,0,0.000,0
6.287,8201,7.238,0.00000,0,0.000,0
6.351,8201,8.175,0.00000,0,0.000,0
6.412,8201,8.262,0.00000,0,0.000,0
6.475,8203,8.871,0.00000,0,0.000,0
6.537,8204,9.390,0.00000,0,0.000,0
6.601,8204,9.390,0.00000,0,0.000,0
6.663,8205,9.741,0.00000,0,0.000,0
6.727,8206,9.741,0.00000,0,0.000,0
6.789,8207,9.741,0.00000,0,0.000,0
6.851,8207,9.741,0.00000,0,0.000,0
6.913,8207,9.620,0.00000,0,0.000,0
6.977,8209,9.343,0.00000,0,0.000,0
7.040,8209,9.343,0.00000,0,0.000,0
7.102,8210,8.906,0.00000,0,0.000,0
7.164,8211,8.446,0.00000,0,0.000,0
7.226,8211,8.446,0.00000,0,0.000,0
7.288,8212,8.446,0.00000,0,0.000,0
7.351,8213,8.446,0.00000,0,0.000,0
7.414,8213,8.446,0.00000,0,0.000,0
7.476,8213,7.363,0.00000,0,0.000,0
7.539,8215,6.908,0.00000,0,0.000,0
7.600,8215,6.908,0.00000,0,0.000,0
7.662,8216,6.463,0.00000,0,0.000,0
7.725,8217,6.079,0.00000,0,0.000,0
7.786,8217,6.079,0.00000,0,0.000,0
7.850,8218,6.079,0.00000,0,0.000,0
7.912,8219,6.079,0.00000,0,0.000,0
7.975,8219,6.135,0.00000,0,0.000,0
8.038,8219,6.231,0.00000,0,0.000,0
8.102,8221,6.627,0.00000,0,0.000,0
8.163,8222,6.627,0.00000,0,0.000,0
8.225,8222,7.019,0.00000,0,0.000,0
8.287,8223,7.502,0.00000,0,0.000,0
8.350,8224,7.502,0.00000,0,0.000,0
8.412,8224,7.502,0.00000,0,0.000,0
8.476,8225,7.502,0.00000,0,0.000,0
8.538,8225,8.548,0.00000,0,0.000,0
8.600,8225,8.548,0.00000,0,0.000,0
8.663,8227,9.206,0.00000,0,0.000,0
8.726,8228,9.711,0.00000,0,0.000,0
8.788,8228,9.711,0.00000,0,0.000,0
8.850,8229,9.956,0.00000,0,0.000,0
8.912,8230,9.956,0.00000,0,0.000,0
8.974,8230,9.956,0.00000,0,0.000,0
9.036,8231,9.956,0.00000,0,0.000,0
9.098,8231,9.437,0.00000,0,0.000,0
9.160,8233,9.437,0.00000,0,0.000,0
9.223,8233,9.024,0.00000,0,0.000,0
9.285,8234,8.560,0.00000,0,0.000,0
9.347,8235,8.560,0.00000,0,0.000,0
9.410,8235,8.095,0.00000,0,0.000,0
9.472,8236,8.095,0.00000,0,0.000,0
9.534,8237,8.095,0.00000,0,0.000,0
9.596,8237,8.095,0.00000,0,0.000,0
9.659,8237,7.047,0.00000,0,0.000,0
9.722,8239,6.542,0.00000,0,0.000,0
9.784,8239,6.542,0.00000,0,0.000,0
9.847,8240,6.142,0.00000,0,0.000,0
9.909,8241,5.778,0.00000,0,0.000,0
9.971,8242,5.778,0.00000,0,0.000,0
10.034,8242,5.778,0.00000,0,0.000,0
10.095,8243,5.778,0.00000,0,0.000,0
10.158,8243,5.848,0.00000,0,0.000,0
10.221,8243,5.848,0.00000,0,0.000,0
10.284,8245,6.241,0.00000,0,0.000,0
10.347,8246,6.630,0.00000,0,0.000,0
10.409,8246,6.630,0.00000,0,0.000,0
10.471,8247,6.979,0.00000,0,0.000,0
10.535,8248,6.979,0.00000,0,0.000,0
10.597,8249,6.979,0.00000,0,0.000,0
10.660,8249,6.979,0.00000,0,0.000,0
10.722,8249,8.010,0.00000,0,0.000,0
10.784,8251,8.620,0.00000,0,0.000,0
10.846,8251,8.620,0.00000,0,0.000,0
10.910,8252,9.090,0.00000,0,0.000,0
10.973,8253,9.453,0.00000,0,0.000,0
11.035,8254,9.453,0.00000,0,0.000,0
11.099,8254,9.453,0.00000,0,0.000,0
11.160,8255,9.453,0.00000,0,0.000,0
11.223,8255,9.776,0.00000,0,0.000,0
11.285,8255,9.776,0.00000,0,0.000,0
11.347,8257,9.731,0.00000,0,0.000,0
11.412,8258,9.378,0.00000,0,0.000,0
11.475,8258,9.378,0.00000,0,0.000,0
11.537,8259,8.945,0.00000,0,0.000,0
11.599,8260,8.945,0.00000,0,0.000,0
11.661,8260,8.945,0.00000,0,0.000,0
11.723,8261,8.945,0.00000,0,0.000,0
11.786,8261,7.803,0.00000,0,0.000,0
11.848,8263,7.803,0.00000,0,0.000,0
11.911,8263,7.317,0.00000,0,0.000,0
11.972,8264,6.859,0.00000,0,0.000,0
12.036,8265,1.744,0.00000,0,0.000,0
12.098,8265,1.744,0.00000,0,0.000,0
12.160,8266,1.744,0.00000,0,0.000,0
12.222,8267,1.744,0.00000,0,0.000,1
12.284,8267,1.744,0.00000,0,0.000,1
12.347,8267,0.229,0.00000,0,0.000,0
12.409,8269,0.061,0.00000,0,0.000,0
12.472,8270,0.061,0.00000,0,0.000,0
12.534,8270,0.053,0.00000,0,0.000,0
12.597,8271,0.052,0.00000,0,0.000,0
12.660,8272,0.052,0.00000,0,0.000,0
12.722,8273,0.052,0.00000,0,0.000,1
12.784,8273,0.052,0.00000,0,0.000,1
12.846,8273,0.053,0.00000,0,0.000,0
12.910,8275,0.058,0.00000,0,0.000,0
12.974,8276,0.058,0.00000,0,0.000,0
13.039,8276,0.058,0.00000,0,0.000,0
13.100,8277,0.079,0.00000,0,0.000,0
13.162,8278,0.079,0.00000,0,0.000,0
13.224,8278,0.079,0.00000,0,0.000,0
13.287,8279,0.079,0.00000,0,0.000,1
13.350,8279,0.075,0.00000,0,0.000,0
13.413,8281,0.075,0.00000,0,0.000,0
13.477,8281,0.080,0.00000,0,0.000,0
13.540,8282,0.126,0.00000,0,0.000,0
13.602,8283,0.628,0.00000,0,0.000,0
13.665,8284,0.628,0.00000,0,0.000,1
13.729,8284,0.628,0.00000,0,0.000,1
13.791,8285,0.628,0.00000,0,0.000,0
13.854,8285,1.666,0.00000,0,0.000,0
13.918,8287,1.666,0.00000,0,0.000,0
13.980,8287,2.122,0.00000,0,0.000,0
14.043,8288,2.593,0.00000,0,0.000,0
14.106,8289,3.120,0.00000,0,0.000,0
14.169,8289,3.120,0.00000,0,0.000,0
14.232,8290,3.120,0.00000,0,0.000,0
14.304,8291,3.120,0.00000,0,0.000,0
14.355,8291,3.120,0.00000,0,0.000,0
14.418,8291,4.188,0.00000,0,0.000,0
14.481,8293,4.715,0.00000,0,0.000,0
14.544,8293,4.715,0.00000,0,0.000,0
14.607,8294,5.193,0.00000,0,0.000,0
14.669,8295,5.603,0.00000,0,0.000,0
14.732,8296,5.603,0.00000,0,0.000,0
14.793,8296,5.603,0.00000,0,0.000,0
14.856,8297,5.603,0.00000,0,0.000,0
14.919,8297,6.363,0.00000,0,0.000,0
14.982,8297,6.394,0.00000,0,0.000,0
15.044,8299,6.771,0.00289,0,0.000,0
15.107,8300,7.241,0.00274,0,0.000,0
15.168,8300,7.241,0.00274,0,0.000,0
15.231,8301,7.674,0.00292,0,0.000,0
15.295,8302,7.674,0.00271,0,0.000,0
15.357,8303,7.674,0.00277,0,0.000,0
15.420,8303,7.674,0.00277,0,0.000,0
15.484,8303,8.675,0.00271,0,0.000,0
15.545,8305,9.254,0.00012,0,0.000,0
15.607,8305,9.254,0.00012,0,0.000,0
15.670,8306,9.747,0.00000,0,0.000,0
15.732,8307,10.200,0.00000,0,0.000,0
15.794,8308,10.200,0.00000,0,0.000,0
15.856,8308,10.200,0.00000,0,0.000,0
15.918,8309,10.200,0.00000,0,0.000,0
15.981,8309,0.061,0.00000,0,0.000,0
16.044,8311,0.061,0.00000,0,0.000,0
16.107,8311,0.056,0.00000,0,0.000,0
16.170,8312,0.039,0.00000,0,0.000,0
16.232,8313,0.097,0.00000,0,0.000,0
16.294,8314,0.097,0.00000,0,0.000,0
16.356,8314,0.097,0.00000,0,0.000,0
16.418,8315,0.097,0.00000,0,0.000,0
16.481,8315,0.774,0.00000,0,0.000,0
16.544,8315,0.774,0.00000,0,0.000,0
16.606,8317,1.250,0.00000,0,0.000,0
16.668,8318,0.073,0.00000,0,0.000,0
16.731,8319,0.030,0.00000,0,0.000,0
16.793,8319,0.030,0.00000,0,0.000,0
16.855,8320,0.030,0.00000,0,0.000,0
16.917,8321,0.030,0.00000,0,0.000,1
16.980,8321,0.032,0.00000,0,0.000,0
17.042,8321,0.030,0.00000,0,0.000,0
17.105,8322,0.031,0.00000,0,0.000,0
17.166,8324,0.031,0.00000,0,0.000,0
17.230,8325,0.031,0.00000,0,0.000,1
17.291,8325,0.031,0.00000,0,0.000,1
17.354,8325,0.027,0.00000,0,0.000,0
17.417,8327,0.053,0.00000,0,0.000,0
17.479,8328,0.053,0.00000,0,0.000,0
17.541,8328,0.052,0.00000,0,0.000,0
17.604,8329,0.090,0.00000,0,0.000,0
17.667,8330,0.090,0.00000,0,0.000,0
17.728,8331,0.090,0.00000,0,0.000,1
17.791,8331,0.090,0.00000,0,0.000,1
17.854,8331,0.071,0.00000,0,0.000,0
17.917,8333,0.083,0.00000,0,0.000,0
17.980,8333,0.083,0.00000,0,0.000,0
18.043,8334,0.084,0.00000,0,0.000,0
18.106,8335,0.085,0.00000,0,0.000,0
18.168,8336,0.085,0.00000,0,0.000,0
18.231,8336,0.085,0.00000,0,0.000,0
18.293,8337,0.085,0.00000,0,0.000,1
18.357,8337,0.080,0.00000,0,0.000,0
18.420,8339,0.087,0.00000,0,0.000,0
18.483,8339,0.087,0.00000,0,0.000,0
18.546,8340,0.088,0.00000,0,0.000,0
18.608,8341,0.033,0.00000,0,0.000,0
18.671,8342,0.033,0.00000,0,0.000,0
18.734,8342,0.033,0.00000,0,0.000,0
18.797,8343,0.033,0.00000,0,0.000,1
18.860,8343,0.024,0.00000,0,0.000,0
18.923,8343,0.024,0.00000,0,0.000,0
18.986,8345,0.029,0.00000,0,0.000,0
19.050,8346,0.059,0.00000,0,0.000,0
19.112,8347,0.059,0.00000,0,0.000,0
19.174,8347,0.076,0.00000,0,0.000,0
19.236,8348,0.076,0.00000,0,0.000,0
19.299,8349,0.076,0.00000,0,0.000,1
19.363,8349,0.077,0.00000,0,0.000,0
19.425,8349,0.077,0.00000,0,0.000,0
19.488,8351,0.085,0.00000,0,0.000,0
19.551,8352,0.086,0.00000,0,0.000,0
19.614,8353,0.036,0.00000,0,0.000,0
19.677,8353,0.036,0.00000,0,0.000,0
19.740,8354,0.036,0.00000,0,0.000,0
19.804,8355,0.036,0.00000,0,0.000,1
19.867,8355,0.028,0.00000,0,0.000,0
19.930,8355,0.028,0.00000,0,0.000,0
19.993,8357,0.030,0.00000,0,0.000,0
20.056,8358,0.031,0.00000,0,0.000,0
20.120,8359,0.032,0.00000,0,0.000,0
20.183,8359,0.032,0.00000,0,0.000,0
20.246,8360,0.032,0.00000,0,0.000,0
20.309,8361,0.032,0.00000,0,0.000,1
20.371,8361,0.030,0.00000,0,0.000,0
20.433,8361,0.025,0.00000,0,0.000,0
20.496,8363,0.031,0.00000,0,0.000,0
20.558,8364,0.031,0.00000,0,0.000,0
20.620,8365,0.031,0.00000,0,0.000,0
20.682,8365,0.031,0.00000,0,0.000,0
20.744,8366,0.031,0.00000,0,0.000,0
20.807,8367,0.031,0.00000,0,0.000,1
20.870,8367,0.030,0.00000,0,0.000,0
20.933,8367,0.027,0.00000,0,0.000,0
20.996,8369,0.035,0.00000,0,0.000,0
21.058,8369,0.023,0.00000,0,0.000,0
21.122,8370,0.023,0.00000,0,0.000,0
21.184,8371,0.026,0.00000,0,0.000,0
21.248,8372,0.026,0.00000,0,0.000,0
21.311,8373,0.026,0.00000,0,0.000,1
21.373,8373,0.026,0.00000,0,0.000,1
21.436,8373,0.026,0.00000,0,0.000,0
21.499,8375,0.030,0.00000,0,0.000,0
21.561,8376,0.048,0.00000,0,0.000,0
21.624,8376,0.048,0.00000,0,0.000,0
21.687,8377,0.057,0.00000,0,0.000,0
21.751,8378,0.057,0.00000,0,0.000,0
21.813,8379,0.057,0.00000,0,0.000,1
21.875,8379,0.057,0.00000,0,0.000,1
21.938,8379,0.063,0.00000,0,0.000,0
22.002,8381,0.069,0.00000,0,0.000,0
22.064,8382,0.071,0.00000,0,0.000,0
22.127,8382,0.071,0.00000,0,0.000,0
22.190,8383,0.071,0.00000,0,0.000,0
22.254,8384,0.071,0.00000,0,0.000,0
22.317,8385,0.071,0.00000,0,0.000,1
22.380,8385,0.071,0.00000,0,0.000,1
22.442,8385,0.066,0.00000,0,0.000,0
22.504,8387,0.073,0.00000,0,0.000,0
22.566,8387,0.073,0.00000,0,0.000,0
22.628,8388,0.073,0.00000,0,0.000,0
22.692,8389,0.073,0.00000,0,0.000,0
22.755,8390,0.073,0.00000,0,0.000,0
22.819,8390,0.073,0.00000,0,0.000,0
22.881,8391,0.073,0.00000,0,0.000,1
22.943,8391,0.068,0.00000,0,0.000,0
23.005,8393,0.068,0.00000,0,0.000,0
23.067,8393,0.074,0.00000,0,0.000,0
23.129,8394,0.075,0.00000,0,0.000,0
23.192,8395,0.075,0.00000,0,0.000,0
23.255,8396,0.075,0.00000,0,0.000,0
23.317,8396,0.075,0.00000,0,0.000,0
23.380,8397,0.075,0.00000,0,0.000,1
23.442,8397,0.070,0.00000,0,0.000,0
23.505,8399,0.070,0.00000,0,0.000,0
23.568,8399,0.076,0.00000,0,0.000,0
23.630,8400,0.077,0.00000,0,0.000,0
23.694,8401,0.077,0.00000,0,0.000,0
23.756,8402,0.077,0.00000,0,0.000,0
23.818,8402,0.077,0.00000,0,0.000,0
23.880,8403,0.077,0.00000,0,0.000,1
23.943,8403,0.072,0.00000,0,0.000,0
24.005,8403,0.072,0.00000,0,0.000,0
24.067,8405,0.079,0.00000,0,0.000,0
24.129,8406,0.079,0.00000,0,0.000,0
24.193,8407,0.079,0.00000,0,0.000,0
24.256,8407,0.080,0.00000,0,0.000,0
24.318,8408,0.080,0.00000,0,0.000,0
24.380,8409,0.080,0.00000,0,0.000,1
24.442,8409,0.080,0.00000,0,0.000,1
24.504,8409,0.074,0.00000,0,0.000,0
24.566,8411,0.081,0.00000,0,0.000,0
24.629,8412,0.082,0.00000,0,0.000,0
24.692,8412,0.082,0.00000,0,0.000,0
24.754,8413,0.037,0.00000,0,0.000,0
24.818,8414,0.037,0.00000,0,0.000,0
24.879,8415,0.037,0.00000,0,0.000,1
24.942,8415,0.037,0.00000,0,0.000,1
25.004,8415,0.025,0.00000,0,0.000,0
25.066,8417,0.028,0.00000,0,0.000,0
25.130,8418,0.028,0.00000,0,0.000,0
25.192,8418,0.029,0.00000,0,0.000,0
25.254,8419,0.028,0.00000,0,0.000,0
25.317,8420,0.028,0.00000,0,0.000,0
25.380,8421,0.028,0.00000,0,0.000,1
25.442,8421,0.028,0.00000,0,0.000,1
25.504,8421,0.030,0.00000,0,0.000,0
25.566,8423,0.032,0.00000,0,0.000,0
25.629,8424,0.032,0.00000,0,0.000,0
25.692,8424,0.031,0.00000,0,0.000,0
25.755,8425,0.030,0.00000,0,0.000,0
25.817,8426,0.030,0.00000,0,0.000,0
25.879,8426,0.030,0.00000,0,0.000,0
25.941,8427,0.030,0.00000,0,0.000,1
26.004,8427,0.026,0.00000,0,0.000,0
26.066,8429,0.022,0.00000,0,0.000,0
26.130,8429,0.022,0.00000,0,0.000,0
26.193,8430,0.028,0.00000,0,0.000,0
26.255,8431,0.031,0.00000,0,0.000,0
26.319,8432,0.031,0.00000,0,0.000,0
26.382,8432,0.031,0.00000,0,0.000,0
26.446,8433,0.031,0.00000,0,0.000,1
26.510,8433,0.027,0.00000,0,0.000,0
26.572,8435,0.027,0.00000,0,0.000,0
26.636,8435,0.030,0.00000,0,0.000,0
26.698,8436,0.029,0.00000,0,0.000,0
26.762,8437,0.028,0.00000,0,0.000,0
26.824,8438,0.028,0.00000,0,0.000,0
26.887,8438,0.028,0.00000,0,0.000,0
26.950,8439,0.028,0.00000,0,0.000,1
27.012,8439,0.028,0.00000,0,0.000,0
27.075,8441,0.028,0.00000,0,0.000,0
27.138,8441,0.030,0.00000,0,0.000,0
27.201,8442,0.030,0.00000,0,0.000,0
27.264,8443,0.029,0.00000,0,0.000,0
27.327,8444,0.029,0.00000,0,0.000,0
27.390,8444,0.029,0.00000,0,0.000,0
27.453,8445,0.029,0.00000,0,0.000,1
27.516,8445,0.027,0.00000,0,0.000,0
27.579,8447,0.027,0.00000,0,0.000,0
27.642,8447,0.045,0.00000,0,0.000,0
27.705,8448,0.037,0.00000,0,0.000,0
27.767,8449,0.056,0.00000,0,0.000,0
27.829,8449,0.056,0.00000,0,0.000,0
27.892,8450,0.056,0.00000,0,0.000,0
27.955,8451,0.056,0.00000,0,0.000,1
28.018,8451,0.058,0.00000,0,0.000,0
28.080,8451,0.052,0.00000,0,0.000,0
28.143,8453,0.058,0.00000,0,0.000,0
28.206,8454,0.059,0.00000,0,0.000,0
28.270,8455,0.059,0.00000,0,0.000,0
28.331,8455,0.059,0.00000,0,0.000,0
28.395,8456,0.059,0.00000,0,0.000,0
28.457,8457,0.059,0.00000,0,0.000,1
28.519,8457,0.059,0.00000,0,0.000,1
28.581,8457,0.054,0.00000,0,0.000,0
28.644,8459,0.060,0.00000,0,0.000,0
28.707,8460,0.060,0.00000,0,0.000,0
28.770,8460,0.060,0.00000,0,0.000,0
28.833,8461,0.060,0.00000,0,0.000,0
28.896,8462,0.060,0.00000,0,0.000,0
28.959,8463,0.060,0.00000,0,0.000,1
29.022,8463,0.060,0.00000,0,0.000,1
29.085,8463,0.055,0.00000,0,0.000,0
29.148,8465,0.060,0.00000,0,0.000,0
29.211,8466,0.060,0.00000,0,0.000,0
29.273,8466,0.060,0.00000,0,0.000,0
29.336,8467,0.060,0.00000,0,0.000,0
29.399,8468,0.060,0.00000,0,0.000,0
29.462,8469,0.060,0.00000,0,0.000,1
29.524,8469,0.060,0.00000,0,0.000,1
29.587,8469,0.055,0.00000,0,0.000,0
29.650,8471,0.061,0.00000,0,0.000,0
29.714,8471,0.061,0.00000,0,0.000,0
29.777,8472,0.061,0.00000,0,0.000,0
29.840,8473,0.061,0.00000,0,0.000,0
29.903,8474,0.061,0.00000,0,0.000,0
29.966,8474,0.061,0.00000,0,0.000,0
30.030,8475,0.061,0.00000,0,0.000,1
30.093,8475,0.055,0.00000,0,0.000,0
30.156,8477,0.061,0.00000,0,0.000,0
30.220,8477,0.061,0.00000,0,0.000,0
30.283,8478,0.061,0.00000,0,0.000,0
30.346,8479,0.061,0.00000,0,0.000,0
30.409,8480,0.061,0.00000,0,0.000,0
30.473,8480,0.061,0.00000,0,0.000,0
30.536,8481,0.061,0.00000,0,0.000,1
30.598,8481,0.056,0.00000,0,0.000,0
30.661,8481,0.056,0.00000,0,0.000,0
30.724,8483,0.061,0.00000,0,0.000,0
30.787,8484,0.061,0.00000,0,0.000,0
30.850,8485,0.062,0.00000,0,0.000,0
30.913,8486,0.062,0.00000,0,0.000,0
30.977,8486,0.062,0.00000,0,0.000,0
31.040,8487,0.062,0.00000,0,0.000,1
31.103,8487,0.056,0.00000,0,0.000,0
31.165,8489,0.056,0.00000,0,0.000,0
31.229,8489,0.062,0.00000,0,0.000,0
31.292,8490,0.062,0.00000,0,0.000,0
31.356,8491,0.062,0.00000,0,0.000,0
31.420,8492,0.062,0.00000,0,0.000,0
31.483,8492,0.062,0.00000,0,0.000,0
31.546,8493,0.062,0.00000,0,0.000,1
31.610,8493,0.057,0.00000,0,0.000,0
31.672,8495,0.062,0.00000,0,0.000,0
31.736,8495,0.062,0.00000,0,0.000,0
31.798,8496,0.063,0.00000,0,0.000,0
31.860,8497,0.063,0.00000,0,0.000,0
31.922,8498,0.063,0.00000,0,0.000,0
31.986,8498,0.063,0.00000,0,0.000,0
32.048,8499,0.063,0.00000,0,0.000,1
32.112,8499,0.063,0.00000,0,0.000,0
32.174,8501,0.063,0.00000,0,0.000,0
32.237,8501,0.063,0.00000,0,0.000,0
32.300,8502,0.063,0.00000,0,0.000,0
32.363,8503,0.063,0.00000,0,0.000,0
32.426,8504,0.063,0.00000,0,0.000,0
32.487,8504,0.063,0.00000,0,0.000,0
32.550,8505,0.063,0.00000,0,0.000,1
32.612,8505,0.058,0.00000,0,0.000,0
32.674,8507,0.058,0.00000,0,0.000,0
32.736,8507,0.064,0.00000,0,0.000,0
32.797,8508,0.064,0.00000,0,0.000,0
32.860,8509,0.065,0.00000,0,0.000,0
32.923,8510,0.065,0.00000,0,0.000,0
32.984,8510,0.065,0.00000,0,0.000,0
33.047,8511,0.065,0.00000,0,0.000,1
33.109,8511,0.059,0.00000,0,0.000,0
33.173,8511,0.059,0.00000,0,0.000,0
33.236,8513,0.065,0.00000,0,0.000,0
33.300,8514,0.065,0.00000,0,0.000,0
33.361,8515,0.065,0.00000,0,0.000,0
33.424,8515,0.065,0.00000,0,0.000,0
33.487,8516,0.065,0.00000,0,0.000,0
33.551,8517,0.065,0.00000,0,0.000,1
33.614,8517,0.060,0.00000,0,0.000,0
33.677,8517,0.060,0.00000,0,0.000,0
33.740,8519,0.037,0.00000,0,0.000,0
33.804,8520,0.027,0.00000,0,0.000,0
33.866,8521,0.027,0.00000,0,0.000,0
33.930,8521,0.030,0.00000,0,0.000,0
33.992,8522,0.030,0.00000,0,0.000,0
34.055,8523,0.030,0.00000,0,0.000,1
34.119,8523,0.030,0.00000,0,0.000,0
34.183,8523,0.032,0.00000,0,0.000,0
34.245,8525,0.029,0.00000,0,0.000,0
34.308,8526,0.029,0.00000,0,0.000,0
34.372,8527,0.029,0.00000,0,0.000,0
34.436,8527,0.029,0.00000,0,0.000,0
34.498,8528,0.029,0.00000,0,0.000,0
34.562,8529,0.029,0.00000,0,0.000,1
34.624,8529,0.030,0.00000,0,0.000,0
34.687,8529,0.032,0.00000,0,0.000,0
34.750,8531,0.029,0.00000,0,0.000,0
34.814,8532,0.029,0.00000,0,0.000,0
34.877,8533,0.029,0.00000,0,0.000,0
34.940,8533,0.029,0.00000,0,0.000,0
35.002,8534,0.029,0.00000,0,0.000,0
35.065,8535,0.029,0.00000,0,0.000,1
35.128,8535,0.029,0.00000,0,0.000,1
35.191,8535,0.028,0.00000,0,0.000,0
35.254,8537,0.028,0.00000,0,0.000,0
35.316,8538,0.028,0.00000,0,0.000,0
35.379,8538,0.028,0.00000,0,0.000,0
35.441,8539,0.031,0.00000,0,0.000,0
35.504,8540,0.031,0.00000,0,0.000,0
35.566,8540,0.031,0.00000,0,0.000,0
35.630,8541,0.031,0.00000,0,0.000,1
35.693,8541,0.048,0.00000,0,0.000,0
35.755,8543,0.048,0.00000,0,0.000,0
35.818,8543,0.053,0.00000,0,0.000,0
35.880,8544,0.054,0.00000,0,0.000,0
35.942,8545,0.053,0.00000,0,0.000,0
36.004,8545,0.053,0.00000,0,0.000,0
36.067,8546,0.053,0.00000,0,0.000,0
36.128,8547,0.053,0.00000,0,0.000,1
36.191,8547,0.049,0.00000,0,0.000,0
36.253,8547,0.049,0.00000,0,0.000,0
36.316,8549,0.027,0.00000,0,0.000,0
36.378,8550,0.028,0.00000,0,0.000,0
36.441,8550,0.028,0.00000,0,0.000,0
36.504,8551,0.028,0.00000,0,0.000,0
36.571,8552,0.028,0.00000,0,0.000,0
36.628,8552,0.028,0.00000,0,0.000,0
36.691,8553,0.028,0.00000,0,0.000,1
36.754,8553,0.030,0.00000,0,0.000,0
36.817,8555,0.031,0.00000,0,0.000,0
36.880,8555,0.031,0.00000,0,0.000,0
36.943,8556,0.030,0.00000,0,0.000,0
37.006,8557,0.030,0.00000,0,0.000,0
37.068,8558,0.030,0.00000,0,0.000,0
37.130,8558,0.030,0.00000,0,0.000,0
37.192,8559,0.030,0.00000,0,0.000,1
37.255,8559,0.027,0.00000,0,0.000,0
37.318,8559,0.027,0.00000,0,0.000,0
37.382,8561,0.029,0.00000,0,0.000,0
37.446,8562,0.029,0.00000,0,0.000,0
37.509,8563,0.029,0.00000,0,0.000,0
37.572,8563,0.030,0.00000,0,0.000,0
37.636,8564,0.030,0.00000,0,0.000,0
37.698,8565,0.030,0.00000,0,0.000,1
37.761,8565,0.030,0.00000,0,0.000,0
37.823,8565,0.027,0.00000,0,0.000,0
37.885,8567,0.029,0.00000,0,0.000,0
37.948,8568,0.029,0.00000,0,0.000,0
38.010,8569,0.029,0.00000,0,0.000,0
38.072,8569,0.029,0.00000,0,0.000,0
38.135,8570,0.029,0.00000,0,0.000,0
38.197,8571,0.029,0.00000,0,0.000,1
38.258,8571,0.029,0.00000,0,0.000,1
38.322,8571,0.030,0.00000,0,0.000,0
38.383,8573,0.029,0.00000,0,0.000,0
38.445,8574,0.029,0.00000,0,0.000,0
38.508,8574,0.029,0.00000,0,0.000,0
38.570,8575,0.029,0.00000,0,0.000,0
38.633,8576,0.029,0.00000,0,0.000,0
38.697,8576,0.029,0.00000,0,0.000,0
38.760,8577,0.029,0.00000,0,0.000,1
38.824,8577,0.027,0.00000,0,0.000,0
38.887,8579,0.027,0.00000,0,0.000,0
38.950,8579,0.032,0.00000,0,0.000,0
39.014,8580,0.029,0.00000,0,0.000,0
39.077,8581,0.029,0.00000,0,0.000,0
39.141,8581,0.029,0.00000,0,0.000,0
39.203,8582,0.029,0.00000,0,0.000,0
39.266,8583,0.029,0.00000,0,0.000,1
39.330,8583,0.029,0.00000,0,0.000,1
39.393,8583,0.026,0.00000,0,0.000,0
39.456,8585,0.030,0.00000,0,0.000,0
39.519,8586,0.030,0.00000,0,0.000,0
39.582,8586,0.029,0.00000,0,0.000,0
39.644,8587,0.029,0.00000,0,0.000,0
39.708,8588,0.029,0.00000,0,0.000,0
39.770,8589,0.029,0.00000,0,0.000,1
39.832,8589,0.029,0.00000,0,0.000,1
39.895,8589,0.029,0.00000,0,0.000,0
39.958,8591,0.029,0.00000,0,0.000,0
40.022,8591,0.029,0.00000,0,0.000,0
40.086,8592,0.029,0.00000,0,0.000,0
40.148,8593,0.029,0.00000,0,0.000,0
40.210,8594,0.029,0.00000,0,0.000,0
40.272,8594,0.029,0.00000,0,0.000,0
40.334,8595,0.029,0.00000,0,0.000,1
40.397,8595,0.029,0.00000,0,0.000,0
40.460,8597,0.029,0.00000,0,0.000,0
40.522,8597,0.030,0.00000,0,0.000,0
40.584,8598,0.029,0.00000,0,0.000,0
40.647,8599,0.029,0.00000,0,0.000,0
40.711,8599,0.029,0.00000,0,0.000,0
40.774,8600,0.029,0.00000,0,0.000,0
40.836,8601,0.029,0.00000,0,0.000,1
40.899,8601,0.029,0.00000,0,0.000,1
40.962,8601,0.029,0.00000,0,0.000,0
41.025,8603,0.028,0.00000,0,0.000,0
41.088,8604,0.030,0.00000,0,0.000,0
41.150,8605,0.030,0.00000,0,0.000,0
41.214,8605,0.030,0.00000,0,0.000,0
41.277,8606,0.030,0.00000,0,0.000,0
41.341,8607,0.030,0.00000,0,0.000,1
41.402,8607,0.030,0.00000,0,0.000,0
41.465,8607,0.030,0.00000,0,0.000,0
41.526,8609,0.029,0.00000,0,0.000,0
41.589,8610,0.029,0.00000,0,0.000,0
41.653,8611,0.029,0.00000,0,0.000,0
41.715,8611,0.028,0.00000,0,0.000,0
41.778,8612,0.028,0.00000,0,0.000,0
41.841,8613,0.028,0.00000,0,0.000,1
41.903,8613,0.030,0.00000,0,0.000,0
41.966,8613,0.030,0.00000,0,0.000,0
42.029,8615,0.030,0.00000,0,0.000,0
42.091,8616,0.029,0.00000,0,0.000,0
42.153,8617,0.029,0.00000,0,0.000,0
42.216,8618,0.029,0.00000,0,0.000,0
42.278,8618,0.029,0.00000,0,0.000,0
42.340,8619,0.029,0.00000,0,0.000,1
42.402,8619,0.027,0.00000,0,0.000,0
42.464,8621,0.027,0.00000,0,0.000,0
42.527,8621,0.028,0.00000,0,0.000,0
42.590,8622,0.028,0.00000,0,0.000,0
42.651,8623,0.028,0.00000,0,0.000,0
42.714,8624,0.028,0.00000,0,0.000,0
42.777,8624,0.028,0.00000,0,0.000,0
42.839,8625,0.028,0.00000,0,0.000,1
42.901,8625,0.029,0.00000,0,0.000,0
42.964,8627,0.030,0.00000,0,0.000,0
43.027,8627,0.030,0.00000,0,0.000,0
43.090,8628,0.029,0.00000,0,0.000,0
43.153,8629,0.029,0.00000,0,0.000,0
43.215,8630,0.029,0.00000,0,0.000,0
43.277,8631,0.029,0.00000,0,0.000,1
43.338,8631,0.029,0.00000,0,0.000,1
43.400,8631,0.027,0.00000,0,0.000,0
43.463,8633,0.028,0.00000,0,0.000,0
43.526,8634,0.028,0.00000,0,0.000,0
43.588,8634,0.028,0.00000,0,0.000,0
43.652,8635,0.029,0.00000,0,0.000,0
43.714,8636,0.029,0.00000,0,0.000,0
43.777,8637,0.029,0.00000,0,0.000,1
43.839,8637,0.029,0.00000,0,0.000,1
43.902,8637,0.030,0.00000,0,0.000,0
43.965,8639,0.030,0.00000,0,0.000,0
44.028,8640,0.030,0.00000,0,0.000,0
44.090,8641,0.030,0.00000,0,0.000,0
44.151,8641,0.029,0.00000,0,0.000,0
44.214,8642,0.029,0.00000,0,0.000,0
44.277,8643,0.029,0.00000,0,0.000,1
44.340,8643,0.029,0.00000,0,0.000,0
44.403,8643,0.027,0.00000,0,0.000,0
44.466,8645,0.028,0.00000,0,0.000,0
44.528,8646,0.029,0.00000,0,0.000,0
44.592,8647,0.028,0.00000,0,0.000,0
44.655,8647,0.028,0.00000,0,0.000,0
44.717,8648,0.028,0.00000,0,0.000,0
44.780,8649,0.028,0.00000,0,0.000,1
44.841,8649,0.029,0.00000,0,0.000,0
44.904,8651,0.029,0.00000,0,0.000,0
44.966,8651,0.030,0.00000,0,0.000,0
45.028,8652,0.029,0.00000,0,0.000,0
45.092,8653,0.029,0.00000,0,0.000,0
45.156,8654,0.029,0.00000,0,0.000,0
45.218,8654,0.029,0.00000,0,0.000,0
45.281,8655,0.029,0.00000,0,0.000,1
45.344,8655,0.027,0.00000,0,0.000,0
45.407,8657,0.034,0.00000,0,0.000,0
45.470,8658,0.034,0.00000,0,0.000,0
45.533,8658,0.024,0.00000,0,0.000,0
45.596,8659,0.029,0.00000,0,0.000,0
45.658,8660,0.029,0.00000,0,0.000,0
45.722,8661,0.029,0.00000,0,0.000,1
45.785,8661,0.029,0.00000,0,0.000,1
45.848,8661,0.027,0.00000,0,0.000,0
45.910,8663,0.030,0.00000,0,0.000,0
45.974,8664,0.032,0.00000,0,0.000,0
46.037,8665,0.032,0.00000,0,0.000,0
46.100,8665,0.024,0.00000,0,0.000,0
46.163,8666,0.024,0.00000,0,0.000,0
46.227,8667,0.024,0.00000,0,0.000,1
46.289,8667,0.029,0.00000,0,0.000,0
46.351,8667,0.026,0.00000,0,0.000,0
46.414,8669,0.030,0.00000,0,0.000,0
46.477,8670,0.030,0.00000,0,0.000,0
46.540,8671,0.029,0.00000,0,0.000,0
46.603,8672,0.029,0.00000,0,0.000,0
46.666,8672,0.029,0.00000,0,0.000,0
46.729,8673,0.029,0.00000,0,0.000,1
46.792,8673,0.027,0.00000,0,0.000,0
46.856,8675,0.027,0.00000,0,0.000,0
46.919,8675,0.027,0.00000,0,0.000,0
46.982,8676,0.029,0.00000,0,0.000,0
47.045,8677,0.028,0.00000,0,0.000,0
47.108,8678,0.028,0.00000,0,0.000,0
47.171,8679,0.028,0.00000,0,0.000,1
47.233,8679,0.028,0.00000,0,0.000,1
47.296,8679,0.029,0.00000,0,0.000,0
47.358,8681,0.030,0.00000,0,0.000,0
47.421,8682,0.029,0.00000,0,0.000,0
47.483,8682,0.029,0.00000,0,0.000,0
47.546,8683,0.029,0.00000,0,0.000,0
47.607,8684,0.029,0.00000,0,0.000,0
47.669,8685,0.029,0.00000,0,0.000,1
47.733,8685,0.029,0.00000,0,0.000,0
47.795,8685,0.027,0.00000,0,0.000,0
47.858,8687,0.028,0.00000,0,0.000,0
47.920,8688,0.029,0.00000,0,0.000,0
47.982,8689,0.029,0.00000,0,0.000,0
48.045,8689,0.028,0.00000,0,0.000,0
48.107,8690,0.028,0.00000,0,0.000,0
48.170,8691,0.028,0.00000,0,0.000,1
48.232,8691,0.029,0.00000,0,0.000,0
48.294,8691,0.029,0.00000,0,0.000,0
48.357,8693,0.030,0.00000,0,0.000,0
48.421,8694,0.030,0.00000,0,0.000,0
48.483,8695,0.029,0.00000,0,0.000,0
48.546,8696,0.029,0.00000,0,0.000,0
48.610,8696,0.029,0.00000,0,0.000,0
48.672,8697,0.029,0.00000,0,0.000,1
48.735,8697,0.027,0.00000,0,0.000,0
48.798,8699,0.028,0.00000,0,0.000,0
48.861,8699,0.028,0.00000,0,0.000,0
48.925,8700,0.030,0.00000,0,0.000,0
48.987,8701,0.029,0.00000,0,0.000,0
49.050,8702,0.029,0.00000,0,0.000,0
49.111,8703,0.029,0.00000,0,0.000,1
49.173,8703,0.029,0.00000,0,0.000,1
49.235,8703,0.028,0.00000,0,0.000,0
49.295,8705,0.022,0.00000,0,0.000,0
49.357,8705,0.022,0.00000,0,0.000,0
49.419,8706,0.027,0.00000,0,0.000,0
49.480,8707,0.029,0.00000,0,0.000,0
49.543,8708,0.029,0.00000,0,0.000,0
49.605,8708,0.029,0.00000,0,0.000,0
49.669,8709,0.029,0.00000,0,0.000,1
49.731,8709,0.029,0.00000,0,0.000,0
49.793,8711,0.030,0.00000,0,0.000,0
49.856,8712,0.030,0.00000,0,0.000,0
49.919,8712,0.030,0.00000,0,0.000,0
49.982,8713,0.030,0.00000,0,0.000,0
50.044,8714,0.030,0.00000,0,0.000,0
50.108,8715,0.030,0.00000,0,0.000,1
50.170,8715,0.030,0.00000,0,0.000,1
50.234,8715,0.027,0.00000,0,0.000,0
50.296,8717,0.024,0.00000,0,0.000,0
50.360,8717,0.024,0.00000,0,0.000,0
50.423,8718,0.024,0.00000,0,0.000,0
50.485,8719,0.023,0.00000,0,0.000,0
50.548,8720,0.023,0.00000,0,0.000,0
50.611,8720,0.023,0.00000,0,0.000,0
50.673,8721,0.023,0.00000,0,0.000,1
50.736,8721,0.027,0.00000,0,0.000,0
50.800,8723,0.030,0.00000,0,0.000,0
50.862,8724,0.030,0.00000,0,0.000,0
50.926,8724,0.029,0.00000,0,0.000,0
50.989,8725,0.029,0.00000,0,0.000,0
51.052,8726,0.029,0.00000,0,0.000,0
51.116,8727,0.029,0.00000,0,0.000,1
51.178,8727,0.029,0.00000,0,0.000,1
51.241,8727,0.027,0.00000,0,0.000,0
51.304,8729,0.028,0.00000,0,0.000,0
51.367,8730,0.029,0.00000,0,0.000,0
51.430,8730,0.029,0.00000,0,0.000,0
51.493,8731,0.028,0.00000,0,0.000,0
51.557,8732,0.028,0.00000,0,0.000,0
51.620,8733,0.028,0.00000,0,0.000,1
51.684,8733,0.030,0.00000,0,0.000,0
51.747,8733,0.030,0.00000,0,0.000,0
51.811,8735,0.030,0.00000,0,0.000,0
51.874,8736,0.030,0.00000,0,0.000,0
51.936,8737,0.030,0.00000,0,0.000,0
52.000,8737,0.030,0.00000,0,0.000,0
52.063,8738,0.030,0.00000,0,0.000,0
52.126,8739,0.030,0.00000,0,0.000,1
52.187,8739,0.030,0.00000,0,0.000,0
52.249,8739,0.028,0.00000,0,0.000,0
52.310,8741,0.024,0.00000,0,0.000,0
52.372,8741,0.024,0.00000,0,0.000,0
52.435,8742,0.024,0.00000,0,0.000,0
52.497,8743,0.024,0.00000,0,0.000,0
52.560,8744,0.024,0.00000,0,0.000,0
52.623,8744,0.024,0.00000,0,0.000,0
52.686,8745,0.024,0.00000,0,0.000,1
52.748,8745,0.028,0.00000,0,0.000,0
52.811,8747,0.029,0.00000,0,0.000,0
52.874,8748,0.029,0.00000,0,0.000,0
52.937,8748,0.029,0.00000,0,0.000,0
53.000,8749,0.028,0.00000,0,0.000,0
53.062,8750,0.028,0.00000,0,0.000,0
53.125,8751,0.028,0.00000,0,0.000,1
53.187,8751,0.028,0.00000,0,0.000,1
53.250,8751,0.035,0.00000,0,0.000,0
53.312,8753,0.030,0.00000,0,0.000,0
53.374,8754,0.030,0.00000,0,0.000,0
53.437,8754,0.030,0.00000,0,0.000,0
53.500,8755,0.029,0.00000,0,0.000,0
53.563,8756,0.029,0.00000,0,0.000,0
53.624,8757,0.029,0.00000,0,0.000,1
53.687,8757,0.029,0.00000,0,0.000,0
53.751,8757,0.027,0.00000,0,0.000,0
53.814,8759,0.034,0.00000,0,0.000,0
53.876,8760,0.022,0.00000,0,0.000,0
53.938,8761,0.022,0.00000,0,0.000,0
54.001,8761,0.028,0.00000,0,0.000,0
54.064,8762,0.028,0.00000,0,0.000,0
54.127,8763,0.028,0.00000,0,0.000,1
54.190,8763,0.029,0.00000,0,0.000,0
54.253,8765,0.029,0.00000,0,0.000,0
54.315,8765,0.030,0.00000,0,0.000,0
54.378,8766,0.030,0.00000,0,0.000,0
54.441,8767,0.029,0.00000,0,0.000,0
54.503,8768,0.029,0.00000,0,0.000,0
54.565,8768,0.029,0.00000,0,0.000,0
54.628,8769,0.029,0.00000,0,0.000,1
54.690,8769,0.027,0.00000,0,0.000,0
54.753,8771,0.028,0.00000,0,0.000,0
54.815,8772,0.028,0.00000,0,0.000,0
54.878,8772,0.029,0.00000,0,0.000,0
54.941,8773,0.028,0.00000,0,0.000,0
55.003,8774,0.028,0.00000,0,0.000,0
55.066,8775,0.028,0.00000,0,0.000,1
55.129,8775,0.028,0.00000,0,0.000,1
55.192,8775,0.031,0.00000,0,0.000,0
55.254,8777,0.030,0.00000,0,0.000,0
55.316,8778,0.030,0.00000,0,0.000,0
55.378,8778,0.030,0.00000,0,0.000,0
55.440,8779,0.030,0.00000,0,0.000,0
55.503,8780,0.030,0.00000,0,0.000,0
55.565,8781,0.030,0.00000,0,0.000,1
55.626,8781,0.030,0.00000,0,0.000,0
55.688,8781,0.027,0.00000,0,0.000,0
55.751,8783,0.027,0.00000,0,0.000,0
55.813,8784,0.022,0.00000,0,0.000,0
55.875,8785,0.022,0.00000,0,0.000,0
55.939,8785,0.024,0.00000,0,0.000,0
56.001,8786,0.024,0.00000,0,0.000,0
56.064,8787,0.024,0.00000,0,0.000,1
56.126,8787,0.029,0.00000,0,0.000,0
56.190,8789,0.029,0.00000,0,0.000,0
56.250,8789,0.030,0.00000,0,0.000,0
56.313,8790,0.029,0.00000,0,0.000,0
56.374,8791,0.029,0.00000,0,0.000,0
56.436,8792,0.029,0.00000,0,0.000,0
56.499,8792,0.029,0.00000,0,0.000,0
56.561,8793,0.029,0.00000,0,0.000,1
56.623,8793,0.027,0.00000,0,0.000,0
56.686,8795,0.027,0.00000,0,0.000,0
56.749,8795,0.027,0.00000,0,0.000,0
56.811,8796,0.033,0.00000,0,0.000,0
56.874,8797,0.026,0.00000,0,0.000,0
56.937,8798,0.026,0.00000,0,0.000,0
56.999,8798,0.026,0.00000,0,0.000,0
57.060,8799,0.026,0.00000,0,0.000,1
57.123,8799,0.028,0.00000,0,0.000,0
57.186,8801,0.029,0.00000,0,0.000,0
57.248,8802,0.029,0.00000,0,0.000,0
57.311,8802,0.029,0.00000,0,0.000,0
57.374,8803,0.028,0.00000,0,0.000,0
57.436,8804,0.028,0.00000,0,0.000,0
57.499,8805,0.028,0.00000,0,0.000,1
57.561,8805,0.028,0.00000,0,0.000,1
57.623,8805,0.030,0.00000,0,0.000,0
57.685,8807,0.031,0.00000,0,0.000,0
57.747,8808,0.030,0.00000,0,0.000,0
57.809,8808,0.030,0.00000,0,0.000,0
57.872,8809,0.029,0.00000,0,0.000,0
57.934,8810,0.029,0.00000,0,0.000,0
57.995,8811,0.029,0.00000,0,0.000,1
58.057,8811,0.029,0.00000,0,0.000,0
58.118,8811,0.026,0.00000,0,0.000,0
58.180,8813,0.028,0.00000,0,0.000,0
58.243,8814,0.028,0.00000,0,0.000,0
58.305,8815,0.028,0.00000,0,0.000,0
58.367,8815,0.028,0.00000,0,0.000,0
58.430,8816,0.028,0.00000,0,0.000,0
58.493,8817,0.028,0.00000,0,0.000,1
58.556,8817,0.031,0.00000,0,0.000,0
58.619,8819,0.031,0.00000,0,0.000,0
58.682,8819,0.030,0.00000,0,0.000,0
58.744,8820,0.030,0.00000,0,0.000,0
58.808,8821,0.030,0.00000,0,0.000,0
58.871,8822,0.030,0.00000,0,0.000,0
58.933,8822,0.030,0.00000,0,0.000,0
58.996,8823,0.030,0.00000,0,0.000,1
59.059,8823,0.027,0.00000,0,0.000,0
59.122,8825,0.028,0.00000,0,0.000,0
59.186,8826,0.028,0.00000,0,0.000,0
59.248,8826,0.029,0.00000,0,0.000,0
59.311,8827,0.026,0.00000,0,0.000,0
59.374,8828,0.026,0.00000,0,0.000,0
59.437,8829,0.026,0.00000,0,0.000,1
59.499,8829,0.026,0.00000,0,0.000,1
59.562,8829,0.029,0.00000,0,0.000,0
59.626,8831,0.030,0.00000,0,0.000,0
59.689,8832,0.030,0.00000,0,0.000,0
59.752,8833,0.030,0.00000,0,0.000,0
59.815,8833,0.029,0.00000,0,0.000,0
59.878,8834,0.029,0.00000,0,0.000,0
59.941,8835,0.029,0.00000,0,0.000,1
60.004,8835,0.027,0.00000,0,0.000,0
60.066,8835,0.027,0.00000,0,0.000,0
60.129,8837,0.030,0.00000,0,0.000,0
60.191,8838,0.029,0.00000,0,0.000,0
60.254,8839,0.028,0.00000,0,0.000,0
60.317,8840,0.028,0.00000,0,0.000,0
60.380,8840,0.028,0.00000,0,0.000,0
60.443,8841,0.028,0.00000,0,0.000,1
60.504,8841,0.031,0.00000,0,0.000,0
60.566,8841,0.030,0.00000,0,0.000,0
60.629,8843,0.031,0.00000,0,0.000,0
60.692,8844,0.030,0.00000,0,0.000,0
60.755,8845,0.030,0.00000,0,0.000,0
60.817,8845,0.029,0.00000,0,0.000,0
60.880,8846,0.029,0.00000,0,0.000,0
60.941,8847,0.029,0.00000,0,0.000,1
61.003,8847,0.029,0.00000,0,0.000,0
61.067,8847,0.027,0.00000,0,0.000,0
61.131,8849,0.028,0.00000,0,0.000,0
61.194,8850,0.030,0.00000,0,0.000,0
61.257,8851,0.030,0.00000,0,0.000,0
61.318,8851,0.030,0.00000,0,0.000,0
61.380,8852,0.030,0.00000,0,0.000,0
61.442,8853,0.030,0.00000,0,0.000,1
61.505,8853,0.027,0.00000,0,0.000,0
61.569,8855,0.027,0.00000,0,0.000,0
61.631,8855,0.031,0.00000,0,0.000,0
61.694,8856,0.030,0.00000,0,0.000,0
61.757,8857,0.029,0.00000,0,0.000,0
61.821,8858,0.029,0.00000,0,0.000,0
61.884,8858,0.029,0.00000,0,0.000,0
61.947,8859,0.029,0.00000,0,0.000,1
62.011,8859,0.027,0.00000,0,0.000,0
62.073,8861,0.013,0.00000,0,0.000,0
62.135,8861,0.013,0.00000,0,0.000,0
62.198,8862,0.013,0.00000,0,0.000,0
62.259,8863,0.012,0.00000,0,0.000,0
62.322,8864,0.012,0.00000,0,0.000,0
62.386,8865,0.012,0.00000,0,0.000,1
62.447,8865,0.012,0.00000,0,0.000,1
62.509,8865,0.011,0.00000,0,0.000,0
62.572,8867,0.013,0.00000,0,0.000,0
62.635,8868,0.011,0.00000,0,0.000,0
62.698,8869,0.011,0.00000,0,0.000,0
62.760,8869,0.011,0.00000,0,0.000,0
62.822,8870,0.011,0.00000,0,0.000,0
62.885,8871,0.011,0.00000,0,0.000,1
62.947,8871,0.011,0.00000,0,0.000,0
63.009,8871,0.012,0.00000,0,0.000,0
63.072,8873,0.012,0.00000,0,0.000,0
63.134,8874,0.012,0.00000,0,0.000,0
63.196,8875,0.011,0.00000,0,0.000,0
63.257,8875,0.011,0.00000,0,0.000,0
63.320,8876,0.011,0.00000,0,0.000,0
63.382,8877,0.011,0.00000,0,0.000,1
63.445,8877,0.009,0.00000,0,0.000,0
63.507,8879,0.009,0.00000,0,0.000,0
63.569,8879,0.012,0.00000,0,0.000,0
63.633,8880,0.011,0.00000,0,0.000,0
63.696,8881,0.011,0.00000,0,0.000,0
63.760,8882,0.011,0.00000,0,0.000,0
63.822,8882,0.011,0.00000,0,0.000,0
63.885,8883,0.011,0.00000,0,0.000,1
63.947,8883,0.020,0.00000,0,0.000,0
64.010,8883,0.020,0.00000,0,0.000,0
64.073,8885,0.014,0.00000,0,0.000,0
64.136,8886,0.012,0.00000,0,0.000,0
64.198,8887,0.011,0.00000,0,0.000,0
64.261,8887,0.011,0.00000,0,0.000,0
64.323,8888,0.011,0.00000,0,0.000,0
64.385,8889,0.011,0.00000,0,0.000,1
64.449,8889,0.011,0.00000,0,0.000,0
64.511,8889,0.011,0.00000,0,0.000,0
64.572,8891,0.004,0.00000,0,0.000,0
64.634,8892,0.016,0.00000,0,0.000,0
64.697,8893,0.010,0.00000,0,0.000,0
64.760,8893,0.010,0.00000,0,0.000,0
64.823,8894,0.010,0.00000,0,0.000,0
64.885,8895,0.010,0.00000,0,0.000,1
64.947,8895,0.011,0.00000,0,0.000,0
65.011,8897,0.011,0.00000,0,0.000,0
65.073,8897,0.016,0.00000,0,0.000,0
65.135,8898,0.012,0.00000,0,0.000,0
65.197,8899,0.012,0.00000,0,0.000,0
65.260,8900,0.012,0.00000,0,0.000,0
65.322,8900,0.012,0.00000,0,0.000,0
65.384,8901,0.012,0.00000,0,0.000,1
65.446,8901,0.012,0.00000,0,0.000,0
65.510,8903,0.012,0.00000,0,0.000,0
65.572,8903,0.011,0.00000,0,0.000,0
65.634,8904,0.011,0.00000,0,0.000,0
65.697,8905,0.011,0.00000,0,0.000,0
65.761,8906,0.011,0.00000,0,0.000,0
65.823,8906,0.011,0.00000,0,0.000,0
65.886,8907,0.011,0.00000,0,0.000,1
65.950,8907,0.012,0.00000,0,0.000,0
66.012,8909,0.011,0.00000,0,0.000,0
66.076,8910,0.011,0.00000,0,0.000,0
66.139,8910,0.011,0.00000,0,0.000,0
66.202,8911,0.003,0.00000,0,0.000,0
66.264,8912,0.003,0.00000,0,0.000,0
66.328,8913,0.003,0.00000,0,0.000,1
66.391,8913,0.003,0.00000,0,0.000,1
66.454,8913,0.016,0.00000,0,0.000,0
66.516,8915,0.012,0.00000,0,0.000,0
66.579,8916,0.011,0.00000,0,0.000,0
66.642,8916,0.011,0.00000,0,0.000,0
66.705,8917,0.010,0.00000,0,0.000,0
66.766,8918,0.010,0.00000,0,0.000,0
66.830,8919,0.010,0.00000,0,0.000,1
66.893,8919,0.011,0.00000,0,0.000,0
66.956,8919,0.012,0.00000,0,0.000,0
67.020,8921,0.012,0.00000,0,0.000,0
67.083,8922,0.011,0.00000,0,0.000,0
67.146,8923,0.011,0.00000,0,0.000,0
67.209,8923,0.011,0.00000,0,0.000,0
67.271,8924,0.011,0.00000,0,0.000,0
67.334,8925,0.011,0.00000,0,0.000,1
67.396,8925,0.012,0.00000,0,0.000,0
67.458,8927,0.012,0.00000,0,0.000,0
67.521,8927,0.011,0.00000,0,0.000,0
67.584,8928,0.020,0.00000,0,0.000,0
67.647,8929,0.012,0.00000,0,0.000,0
67.710,8930,0.012,0.00000,0,0.000,0
67.773,8930,0.012,0.00000,0,0.000,0
67.836,8931,0.012,0.00000,0,0.000,1
67.897,8931,0.012,0.00000,0,0.000,0
67.960,8933,0.010,0.00000,0,0.000,0
68.021,8934,0.010,0.00000,0,0.000,0
68.084,8934,0.010,0.00000,0,0.000,0
68.146,8935,0.011,0.00000,0,0.000,0
68.209,8936,0.011,0.00000,0,0.000,0
68.271,8937,0.011,0.00000,0,0.000,1
68.332,8937,0.011,0.00000,0,0.000,1
68.394,8937,0.011,0.00000,0,0.000,0
68.456,8939,0.009,0.00000,0,0.000,0
68.519,8940,0.011,0.00000,0,0.000,0
68.581,8940,0.011,0.00000,0,0.000,0
68.643,8941,0.008,0.00000,0,0.000,0
68.706,8942,0.008,0.00000,0,0.000,0
68.769,8943,0.008,0.00000,0,0.000,1
68.832,8943,0.011,0.00000,0,0.000,0
68.895,8943,0.012,0.00000,0,0.000,0
68.957,8945,0.011,0.00000,0,0.000,0
69.020,8946,0.011,0.00000,0,0.000,0
69.083,8947,0.011,0.00000,0,0.000,0
69.145,8947,0.010,0.00000,0,0.000,0
69.208,8948,0.010,0.00000,0,0.000,0
69.270,8949,0.010,0.00000,0,0.000,1
69.331,8949,0.012,0.00000,0,0.000,0
69.394,8951,0.012,0.00000,0,0.000,0
69.458,8951,0.011,0.00000,0,0.000,0
69.521,8952,0.011,0.00000,0,0.000,0
69.582,8953,0.008,0.00000,0,0.000,0
69.646,8954,0.008,0.00000,0,0.000,0
69.708,8954,0.008,0.00000,0,0.000,0
69.770,8955,0.008,0.00000,0,0.000,1
69.833,8955,0.011,0.00000,0,0.000,0
69.896,8957,0.011,0.00000,0,0.000,0
69.961,8957,0.011,0.00000,0,0.000,0
70.021,8958,0.011,0.00000,0,0.000,0
70.085,8959,0.011,0.00000,0,0.000,0
70.148,8960,0.011,0.00000,0,0.000,0
70.211,8961,0.011,0.00000,0,0.000,1
70.273,8961,0.011,0.00000,0,0.000,1
70.335,8961,0.010,0.00000,0,0.000,0
70.398,8963,0.010,0.00000,0,0.000,0
70.461,8964,0.010,0.00000,0,0.000,0
70.522,8964,0.010,0.00000,0,0.000,0
70.584,8965,0.019,0.00000,0,0.000,0
70.647,8966,0.019,0.00000,0,0.000,0
70.710,8967,0.019,0.00000,0,0.000,1
70.772,8967,0.012,0.00000,0,0.000,0
70.835,8967,0.011,0.00000,0,0.000,0
70.896,8969,0.011,0.00000,0,0.000,0
70.959,8970,0.011,0.00000,0,0.000,0
71.020,8971,0.011,0.00000,0,0.000,0
71.082,8971,0.008,0.00000,0,0.000,0
71.144,8972,0.008,0.00000,0,0.000,0
71.206,8973,0.008,0.00000,0,0.000,1
71.269,8973,0.012,0.00000,0,0.000,0
71.331,8973,0.012,0.00000,0,0.000,0
71.393,8975,0.012,0.00000,0,0.000,0
71.457,8976,0.011,0.00000,0,0.000,0
71.520,8977,0.011,0.00000,0,0.000,0
71.582,8978,0.011,0.00000,0,0.000,0
71.644,8978,0.011,0.00000,0,0.000,0
71.707,8979,0.011,0.00000,0,0.000,1
71.771,8979,0.011,0.00000,0,0.000,0
71.834,8981,0.011,0.00000,0,0.000,0
71.897,8981,0.011,0.00000,0,0.000,0
71.959,8982,0.012,0.00000,0,0.000,0
72.022,8983,0.011,0.00000,0,0.000,0
72.085,8984,0.011,0.00000,0,0.000,0
72.148,8985,0.011,0.00000,0,0.000,1
72.211,8985,0.011,0.00000,0,0.000,1
72.273,8985,0.011,0.00000,0,0.000,0
72.336,8987,0.012,0.00000,0,0.000,0
72.398,8988,0.012,0.00000,0,0.000,0
72.462,8988,0.011,0.00000,0,0.000,0
72.524,8989,0.011,0.00000,0,0.000,0
72.587,8990,0.011,0.00000,0,0.000,0
72.650,8991,0.011,0.00000,0,0.000,1
72.712,8991,0.011,0.00000,0,0.000,0
72.775,8991,0.011,0.00000,0,0.000,0
72.838,8993,0.012,0.00000,0,0.000,0
72.901,8994,0.011,0.00000,0,0.000,0
72.964,8995,0.011,0.00000,0,0.000,0
73.027,8995,0.011,0.00000,0,0.000,0
73.091,8996,0.011,0.00000,0,0.000,0
73.154,8997,0.011,0.00000,0,0.000,1
73.216,8997,0.011,0.00000,0,0.000,0
73.278,8999,0.011,0.00000,0,0.000,0
73.340,8999,0.010,0.00000,0,0.000,0
73.402,9000,0.011,0.00000,0,0.000,0
73.465,9001,0.010,0.00000,0,0.000,0
73.527,9002,0.010,0.00000,0,0.000,0
73.589,9002,0.010,0.00000,0,0.000,0
73.651,9003,0.010,0.00000,0,0.000,1
73.713,9003,0.010,0.00000,0,0.000,0
73.776,9005,0.013,0.00000,0,0.000,0
73.838,9005,0.013,0.00000,0,0.000,0
73.901,9006,0.012,0.00000,0,0.000,0
73.964,9007,0.011,0.00000,0,0.000,0
74.026,9008,0.011,0.00000,0,0.000,0
74.089,9009,0.011,0.00000,0,0.000,1
74.152,9009,0.011,0.00000,0,0.000,1
74.214,9009,0.011,0.00000,0,0.000,0
74.277,9011,0.010,0.00000,0,0.000,0
74.340,9012,0.011,0.00000,0,0.000,0
74.402,9012,0.011,0.00000,0,0.000,0
74.469,9013,0.011,0.00000,0,0.000,0
74.528,9014,0.011,0.00000,0,0.000,0
74.591,9015,0.011,0.00000,0,0.000,1
74.654,9015,0.011,0.00000,0,0.000,0
74.717,9015,0.011,0.00000,0,0.000,0
74.780,9017,0.008,0.00000,0,0.000,0
74.844,9018,0.007,0.00000,0,0.000,0
74.906,9019,0.012,0.00000,0,0.000,0
74.970,9020,0.012,0.00000,0,0.000,0
75.033,9020,0.012,0.00000,0,0.000,0
75.095,9021,0.012,0.00000,0,0.000,1
75.159,9021,0.011,0.00000,0,0.000,0
75.222,9023,0.011,0.00000,0,0.000,0
75.286,9023,0.011,0.00000,0,0.000,0
75.348,9024,0.011,0.00000,0,0.000,0
75.412,9025,0.010,0.00000,0,0.000,0
75.475,9026,0.010,0.00000,0,0.000,0
75.538,9026,0.010,0.00000,0,0.000,0
75.600,9027,0.010,0.00000,0,0.000,1
75.663,9027,0.011,0.00000,0,0.000,0
75.727,9029,0.012,0.00000,0,0.000,0
75.790,9030,0.012,0.00000,0,0.000,0
75.854,9030,0.011,0.00000,0,0.000,0
75.917,9031,0.011,0.00000,0,0.000,0
75.979,9032,0.011,0.00000,0,0.000,0
76.040,9033,0.011,0.00000,0,0.000,1
76.103,9033,0.011,0.00000,0,0.000,1
76.166,9033,0.011,0.00000,0,0.000,0
76.230,9035,0.012,0.00000,0,0.000,0
76.293,9036,0.011,0.00000,0,0.000,0
76.355,9036,0.011,0.00000,0,0.000,0
76.418,9037,0.011,0.00000,0,0.000,0
76.481,9038,0.011,0.00000,0,0.000,0
76.544,9039,0.011,0.00000,0,0.000,1
76.608,9039,0.011,0.00000,0,0.000,0
76.671,9039,0.011,0.00000,0,0.000,0
76.734,9041,0.007,0.00000,0,0.000,0
76.796,9042,0.010,0.00000,0,0.000,0
76.860,9043,0.010,0.00000,0,0.000,0
76.923,9044,0.010,0.00000,0,0.000,0
76.987,9044,0.010,0.00000,0,0.000,0
77.050,9045,0.010,0.00000,0,0.000,1
77.113,9045,0.011,0.00000,0,0.000,0
77.176,9047,0.011,0.00000,0,0.000,0
77.238,9047,0.011,0.00000,0,0.000,0
77.301,9048,0.011,0.00000,0,0.000,0
77.364,9049,0.010,0.00000,0,0.000,0
77.427,9049,0.010,0.00000,0,0.000,0
77.490,9051,0.010,0.00000,0,0.000,1
77.559,9051,0.010,0.00000,0,0.000,1
77.615,9051,0.011,0.00000,0,0.000,0
77.677,9053,0.012,0.00000,0,0.000,0
77.740,9054,0.012,0.00000,0,0.000,0
77.802,9054,0.011,0.00000,0,0.000,0
77.865,9055,0.011,0.00000,0,0.000,0
77.929,9056,0.011,0.00000,0,0.000,0
77.992,9057,0.011,0.00000,0,0.000,1
78.055,9057,0.011,0.00000,0,0.000,1
78.118,9057,0.009,0.00000,0,0.000,0
78.181,9059,0.011,0.00000,0,0.000,0
78.244,9060,0.010,0.00000,0,0.000,0
78.307,9061,0.010,0.00000,0,0.000,0
78.371,9061,0.010,0.00000,0,0.000,0
78.434,9062,0.010,0.00000,0,0.000,0
78.496,9063,0.010,0.00000,0,0.000,1
78.560,9063,0.010,0.00000,0,0.000,0
78.623,9063,0.012,0.00000,0,0.000,0
78.686,9065,0.012,0.00000,0,0.000,0
78.748,9066,0.011,0.00000,0,0.000,0
78.811,9067,0.011,0.00000,0,0.000,0
78.873,9067,0.011,0.00000,0,0.000,0
78.935,9068,0.011,0.00000,0,0.000,0
78.999,9069,0.011,0.00000,0,0.000,1
79.061,9069,0.010,0.00000,0,0.000,0
79.122,9069,0.010,0.00000,0,0.000,0
79.184,9071,0.010,0.00000,0,0.000,0
79.247,9072,0.010,0.00000,0,0.000,0
79.309,9073,0.011,0.00000,0,0.000,0
79.371,9074,0.011,0.00000,0,0.000,0
79.433,9074,0.011,0.00000,0,0.000,0
79.495,9075,0.011,0.00000,0,0.000,1
79.557,9075,0.010,0.00000,0,0.000,0
79.620,9077,0.010,0.00000,0,0.000,0
79.682,9077,0.012,0.00000,0,0.000,0
79.746,9078,0.012,0.00000,0,0.000,0
79.808,9079,0.011,0.00000,0,0.000,0
79.871,9080,0.011,0.00000,0,0.000,0
79.934,9080,0.011,0.00000,0,0.000,0
79.997,9081,0.011,0.00000,0,0.000,1
80.060,9081,0.011,0.00000,0,0.000,0
80.122,9083,0.010,0.00000,0,0.000,0
80.184,9084,0.010,0.00000,0,0.000,0
80.247,9084,0.011,0.00000,0,0.000,0
80.308,9085,0.010,0.00000,0,0.000,0
80.370,9086,0.010,0.00000,0,0.000,0
80.432,9087,0.010,0.00000,0,0.000,1
80.494,9087,0.010,0.00000,0,0.000,1
80.556,9087,0.010,0.00000,0,0.000,0
80.620,9089,0.007,0.00000,0,0.000,0
80.682,9090,0.005,0.00000,0,0.000,0
80.744,9090,0.005,0.00000,0,0.000,0
80.808,9091,0.011,0.00000,0,0.000,0
80.871,9092,0.011,0.00000,0,0.000,0
80.933,9093,0.011,0.00000,0,0.000,1
80.994,9093,0.009,0.00000,0,0.000,0
81.057,9093,0.012,0.00000,0,0.000,0
81.120,9095,0.011,0.00000,0,0.000,0
81.182,9096,0.011,0.00000,0,0.000,0
81.245,9097,0.011,0.00000,0,0.000,0
81.306,9097,0.011,0.00000,0,0.000,0
81.370,9098,0.011,0.00000,0,0.000,0
81.432,9099,0.011,0.00000,0,0.000,1
81.494,9099,0.012,0.00000,0,0.000,0
81.557,9099,0.012,0.00000,0,0.000,0
81.620,9101,0.013,0.00000,0,0.000,0
81.682,9102,0.012,0.00000,0,0.000,0
81.745,9103,0.011,0.00000,0,0.000,0
81.807,9104,0.011,0.00000,0,0.000,0
81.870,9104,0.011,0.00000,0,0.000,0
81.932,9105,0.011,0.00000,0,0.000,1
81.995,9105,0.012,0.00000,0,0.000,0
82.058,9107,0.011,0.00000,0,0.000,0
82.121,9107,0.011,0.00000,0,0.000,0
82.184,9108,0.011,0.00000,0,0.000,0
82.247,9109,0.010,0.00000,0,0.000,0
82.310,9110,0.010,0.00000,0,0.000,0
82.373,9111,0.010,0.00000,0,0.000,1
82.436,9111,0.010,0.00000,0,0.000,1
82.500,9111,0.012,0.00000,0,0.000,0
82.563,9113,0.012,0.00000,0,0.000,0
82.626,9114,0.012,0.00000,0,0.000,0
82.689,9114,0.012,0.00000,0,0.000,0
82.752,9115,0.011,0.00000,0,0.000,0
82.815,9116,0.011,0.00000,0,0.000,0
82.878,9117,0.011,0.00000,0,0.000,1
82.941,9117,0.011,0.00000,0,0.000,0
83.004,9117,0.012,0.00000,0,0.000,0
83.067,9119,0.010,0.00000,0,0.000,0
83.130,9120,0.011,0.00000,0,0.000,0
83.192,9121,0.011,0.00000,0,0.000,0
83.254,9121,0.011,0.00000,0,0.000,0
83.317,9122,0.011,0.00000,0,0.000,0
83.380,9123,0.011,0.00000,0,0.000,1
83.443,9123,0.011,0.00000,0,0.000,0
83.506,9123,0.012,0.00000,0,0.000,0
83.569,9125,0.011,0.00000,0,0.000,0
83.632,9126,0.010,0.00000,0,0.000,0
83.695,9127,0.011,0.00000,0,0.000,0
83.758,9127,0.011,0.00000,0,0.000,0
83.821,9128,0.011,0.00000,0,0.000,0
83.885,9129,0.011,0.00000,0,0.000,1
83.948,9129,0.011,0.00000,0,0.000,0
84.011,9129,0.011,0.00000,0,0.000,0
84.074,9131,0.010,0.00000,0,0.000,0
84.137,9132,0.010,0.00000,0,0.000,0
84.200,9133,0.010,0.00000,0,0.000,0
84.263,9134,0.010,0.00000,0,0.000,0
84.327,9134,0.010,0.00000,0,0.000,0
84.389,9135,0.010,0.00000,0,0.000,1
84.453,9135,0.013,0.00000,0,0.000,0
84.516,9137,0.012,0.00000,0,0.000,0
84.580,9138,0.012,0.00000,0,0.000,0
84.643,9138,0.011,0.00000,0,0.000,0
84.705,9139,0.011,0.00000,0,0.000,0
84.768,9140,0.011,0.00000,0,0.000,0
84.830,9141,0.011,0.00000,0,0.000,1
84.893,9141,0.011,0.00000,0,0.000,1
84.955,9141,0.012,0.00000,0,0.000,0
85.018,9143,0.016,0.00000,0,0.000,0
85.081,9144,0.011,0.00000,0,0.000,0
85.144,9145,0.011,0.00000,0,0.000,0
85.207,9145,0.011,0.00000,0,0.000,0
85.271,9146,0.011,0.00000,0,0.000,0
85.334,9147,0.011,0.00000,0,0.000,1
85.397,9147,0.010,0.00000,0,0.000,0
85.460,9147,0.010,0.00000,0,0.000,0
85.523,9149,0.010,0.00000,0,0.000,0
85.586,9150,0.011,0.00000,0,0.000,0
85.648,9151,0.011,0.00000,0,0.000,0
85.710,9152,0.011,0.00000,0,0.000,0
85.773,9152,0.011,0.00000,0,0.000,0
85.835,9153,0.011,0.00000,0,0.000,1
85.898,9153,0.011,0.00000,0,0.000,0
85.960,9155,0.010,0.00000,0,0.000,0
86.023,9155,0.010,0.00000,0,0.000,0
86.087,9156,0.008,0.00000,0,0.000,0
86.150,9157,0.010,0.00000,0,0.000,0
86.212,9158,0.010,0.00000,0,0.000,0
86.275,9159,0.010,0.00000,0,0.000,1
86.338,9159,0.010,0.00000,0,0.000,1
86.402,9159,0.012,0.00000,0,0.000,0
86.464,9161,0.011,0.00000,0,0.000,0
86.527,9162,0.011,0.00000,0,0.000,0
86.590,9163,0.011,0.00000,0,0.000,0
86.653,9163,0.011,0.00000,0,0.000,0
86.717,9164,0.011,0.00000,0,0.000,0
86.780,9165,0.011,0.00000,0,0.000,1
86.843,9165,0.012,0.00000,0,0.000,0
86.906,9165,0.012,0.00000,0,0.000,0
86.968,9167,0.010,0.00000,0,0.000,0
87.031,9168,0.010,0.00000,0,0.000,0
87.095,9169,0.010,0.00000,0,0.000,0
87.158,9170,0.010,0.00000,0,0.000,0
87.221,9170,0.010,0.00000,0,0.000,0
87.284,9171,0.010,0.00000,0,0.000,1
87.348,9171,0.013,0.00000,0,0.000,0
87.411,9173,0.011,0.00000,0,0.000,0
87.473,9174,0.011,0.00000,0,0.000,0
87.537,9174,0.011,0.00000,0,0.000,0
87.600,9175,0.011,0.00000,0,0.000,0
87.662,9176,0.011,0.00000,0,0.000,0
87.726,9177,0.011,0.00000,0,0.000,1
87.788,9177,0.011,0.00000,0,0.000,1
87.851,9177,0.012,0.00000,0,0.000,0
87.914,9179,0.010,0.00000,0,0.000,0
87.977,9180,0.010,0.00000,0,0.000,0
88.039,9181,0.010,0.00000,0,0.000,0
88.103,9181,0.011,0.00000,0,0.000,0
88.165,9182,0.011,0.00000,0,0.000,0
88.228,9183,0.011,0.00000,0,0.000,1
88.291,9183,0.011,0.00000,0,0.000,0
88.355,9183,0.011,0.00000,0,0.000,0
88.418,9185,0.012,0.00000,0,0.000,0
88.480,9186,0.012,0.00000,0,0.000,0
88.542,9187,0.011,0.00000,0,0.000,0
88.605,9188,0.011,0.00000,0,0.000,0
88.668,9188,0.011,0.00000,0,0.000,0
88.732,9189,0.011,0.00000,0,0.000,1
88.796,9189,0.012,0.00000,0,0.000,0
88.858,9191,0.011,0.00000,0,0.000,0
88.922,9191,0.011,0.00000,0,0.000,0
88.984,9192,0.011,0.00000,0,0.000,0
89.047,9193,0.010,0.00000,0,0.000,0
89.111,9194,0.010,0.00000,0,0.000,0
89.173,9195,0.010,0.00000,0,0.000,1
89.238,9195,0.010,0.00000,0,0.000,1
89.301,9195,0.012,0.00000,0,0.000,0
89.365,9197,0.012,0.00000,0,0.000,0
89.428,9198,0.012,0.00000,0,0.000,0
89.491,9199,0.012,0.00000,0,0.000,0
89.553,9199,0.012,0.00000,0,0.000,0
89.616,9200,0.012,0.00000,0,0.000,0
89.679,9201,0.012,0.00000,0,0.000,1
89.742,9201,0.012,0.00000,0,0.000,0
89.804,9201,0.012,0.00000,0,0.000,0
89.866,9203,0.010,0.00000,0,0.000,0
89.929,9204,0.011,0.00000,0,0.000,0
89.991,9205,0.010,0.00000,0,0.000,0
